Model	Build	Sample	Libraries	Index	Pooled library	C-Depth	%Dup	%Mapped	%On-target	%Off-target	SNPsCalled	WithGenotype	MetMinDepth	Reference	Ref_match	Ref_was_het	Ref_was_hom	Variant	Var_match	Hom_was_het	Het_was_hom	Var_mismatch	VarConcordance	RareHomConcordance	OverallConcordance
2875990300	112222721	H_HY-04805	H_HY-04805-lib1,H_HY-04805-microarraylib	TAGCTT	Pooled_Library-2011-02-02_8	88.033	22.6%	97.92%	4.62%	71.15%	8797	52	50	26	26	-	-	24	24	-	-	-	100.000	100.000	100.000
2875990315	112222285	H_HY-04774	H_HY-04774-lib1,H_HY-04774-microarraylib	CAGATC	Pooled_Library-2011-02-02_8	94.013	23.9%	97.77%	3.04%	71.42%	8923	52	50	22	22	-	-	28	28	-	-	-	100.000	100.000	100.000
2875990322	112216221	H_HY-04753	H_HY-04753-lib1,H_HY-04753-microarraylib	ACAGTG	Pooled_Library-2011-02-02_8	0.000	22.8%	84.71%	1.35%	64.07%	-	-	-	-	-	-	-	-	-	-	-	-	0.00	0.00	0.00
2875990325	112222298	H_HY-04743	H_HY-04743-lib1,H_HY-04743-microarraylib	TGACCA	Pooled_Library-2011-02-02_7	73.202	41.6%	97.03%	2.60%	54.08%	8652	51	50	25	25	-	-	25	25	-	-	-	100.000	100.000	100.000
2876020530	112222912	H_HY-04726	H_HY-04726-lib1,H_HY-04726-microarraylib	TTAGGC	Pooled_Library-2011-02-02_3	114.687	34.4%	97.69%	2.69%	61.38%	8842	52	50	29	29	-	-	21	21	-	-	-	100.000	100.000	100.000
2876024302	112216889	H_HY-04801	H_HY-04801-lib1,H_HY-04801-microarraylib	TAGCTT	Pooled_Library-2011-02-02_4	174.580	28.0%	98.23%	3.80%	66.94%	9282	51	50	17	17	-	-	33	33	-	-	-	100.000	100.000	100.000
2876024316	112321472	H_HY-04786	H_HY-04786-lib1,H_HY-04786-microarraylib	GATCAG	Pooled_Library-2011-02-02_1	126.839	31.0%	97.82%	3.90%	63.62%	8889	52	51	23	23	-	-	28	28	-	-	-	100.000	100.000	100.000
2876024334	112298554	H_HY-04705	H_HY-04705-lib1,H_HY-04705-microarraylib	ATCACG	Pooled_Library-2011-02-02_1	85.768	32.3%	97.46%	2.35%	63.64%	8505	52	50	28	28	-	-	22	22	-	-	-	100.000	100.000	100.000
2876025302	112216910	H_HY-04706	H_HY-04706-lib1,H_HY-04706-microarraylib	ATCACG	Pooled_Library-2011-02-02_3	49.555	30.5%	97.39%	4.22%	63.44%	7563	51	43	26	26	-	-	17	17	-	-	-	100.000	100.000	100.000
2876025996	112321543	H_HY-04711	H_HY-04711-lib1,H_HY-04711-microarraylib	ATCACG	Pooled_Library-2011-02-02_5	104.270	21.1%	97.56%	2.77%	74.18%	8839	51	51	27	27	-	-	24	24	-	-	-	100.000	100.000	100.000
2876026960	112222968	H_HY-04783	H_HY-04783-lib1,H_HY-04783-microarraylib	ACTTGA	Pooled_Library-2011-02-02_8	127.094	24.2%	97.75%	2.63%	71.45%	9146	52	51	21	21	-	-	30	30	-	-	-	100.000	100.000	100.000
2876027149	112270261	H_HY-04724	H_HY-04724-lib1,H_HY-04724-microarraylib	CGATGT	Pooled_Library-2011-02-02_8	184.716	23.8%	97.79%	3.68%	70.82%	9538	52	52	24	24	-	-	28	28	-	-	-	100.000	100.000	100.000
2876027152	112221655	H_HY-04714	H_HY-04714-lib1,H_HY-04714-microarraylib	ATCACG	Pooled_Library-2011-02-02_8	184.416	22.5%	97.77%	3.79%	71.99%	9533	52	52	22	22	-	-	30	30	-	-	-	100.000	100.000	100.000
2876027155	112223149	H_HY-04820	H_HY-04820-lib1,H_HY-04820-microarraylib	CTTGTA	Pooled_Library-2011-02-02_6	75.654	31.7%	98.15%	5.09%	61.95%	8634	52	48	26	26	-	-	22	22	-	-	-	100.000	100.000	100.000
2876037126	112321565	H_HY-04823	H_HY-04823-lib1,H_HY-04823-microarraylib	CTTGTA	Pooled_Library-2011-02-02_8	62.520	22.0%	97.70%	3.43%	72.77%	8137	51	47	18	18	-	-	29	29	-	-	-	100.000	100.000	100.000
2876037990	112223931	H_HY-04797	H_HY-04797-lib1,H_HY-04797-microarraylib	GATCAG	Pooled_Library-2011-02-02_8	76.892	21.0%	97.89%	4.07%	73.27%	8450	51	48	24	24	-	-	24	24	-	-	-	100.000	100.000	100.000
2876040231	112203903	H_HY-04768	H_HY-04768-lib1,H_HY-04768-microarraylib	CAGATC	Pooled_Library-2011-02-02_2	71.901	12.6%	97.30%	2.85%	82.21%	8053	52	45	22	22	-	-	23	23	-	-	-	100.000	100.000	100.000
2876043638	112290161	H_HY-04719	H_HY-04719-lib1,H_HY-04719-microarraylib	CGATGT	Pooled_Library-2011-02-02_4	82.762	26.1%	97.97%	3.66%	68.71%	8791	52	50	22	22	-	-	28	28	-	-	-	100.000	100.000	100.000
2876043659	112270602	H_HY-04817	H_HY-04817-lib1,H_HY-04817-microarraylib	CTTGTA	Pooled_Library-2011-02-02_2	90.659	12.0%	97.43%	3.15%	82.58%	8597	52	50	24	24	-	-	26	26	-	-	-	100.000	100.000	100.000
2876043662	112222170	H_HY-04751	H_HY-04751-lib1,H_HY-04751-microarraylib	ACAGTG	Pooled_Library-2011-02-02_6	93.102	32.5%	97.90%	3.84%	62.28%	8887	52	50	24	24	-	-	26	26	-	-	-	100.000	100.000	100.000
2876043693	112267976	H_HY-04799	H_HY-04799-lib1,H_HY-04799-microarraylib	TAGCTT	Pooled_Library-2011-02-02_3	66.237	32.8%	97.89%	2.29%	63.48%	8114	52	46	22	22	-	-	24	23	-	1	-	95.833	100.000	97.826
2876043732	112222204	H_HY-04800	H_HY-04800-lib1,H_HY-04800-microarraylib	TAGCTT	Pooled_Library-2011-02-02_2	64.690	13.2%	97.45%	2.12%	82.42%	7895	50	47	24	24	-	-	23	22	-	1	-	95.652	100.000	97.872
2876045932	112222223	H_HY-04748	H_HY-04748-lib1,H_HY-04748-microarraylib	ACAGTG	Pooled_Library-2011-02-02_2	76.996	12.6%	97.12%	2.75%	82.13%	8423	52	51	29	29	-	-	22	22	-	-	-	100.000	100.000	100.000
2876045943	112267995	H_HY-04808	H_HY-04808-lib1,H_HY-04808-microarraylib	GGCTAC	Pooled_Library-2011-02-02_2	70.335	13.4%	97.44%	2.25%	82.12%	8225	52	48	25	25	-	-	23	23	-	-	-	100.000	100.000	100.000
2876045964	112298781	H_HY-04818	H_HY-04818-lib1,H_HY-04818-microarraylib	CTTGTA	Pooled_Library-2011-02-02_4	128.012	26.9%	97.97%	4.65%	66.94%	9151	52	51	23	23	-	-	28	28	-	-	-	100.000	100.000	100.000
2876045975	112223173	H_HY-04788	H_HY-04788-lib1,H_HY-04788-microarraylib	GATCAG	Pooled_Library-2011-02-02_2	108.042	12.2%	97.54%	3.16%	82.44%	8793	52	51	23	23	-	-	28	28	-	-	-	100.000	100.000	100.000
2876045982	112223040	H_HY-04728	H_HY-04728-lib1,H_HY-04728-microarraylib	TTAGGC	Pooled_Library-2011-02-02_4	96.853	28.6%	97.90%	3.44%	66.43%	8815	52	49	24	24	-	-	25	25	-	-	-	100.000	100.000	100.000
2876045985	112224585	H_HY-04740	H_HY-04740-lib1,H_HY-04740-microarraylib	TGACCA	Pooled_Library-2011-02-02_4	106.046	27.8%	98.13%	3.48%	67.35%	9038	52	52	15	15	-	-	37	37	-	-	-	100.000	100.000	100.000
2876046000	113419966	H_HY-04807	H_HY-04807-lib1,H_HY-04807-lib2,H_HY-04807-microarraylib	GGCTAC	Pooled_Library-2011-02-02_3	93.656	-	97.69%	2.83%	63.81%	8540	52	50	30	30	-	-	20	20	-	-	-	100.000	100.000	100.000
2876046003	112268592	H_HY-04737	H_HY-04737-lib1,H_HY-04737-microarraylib	TGACCA	Pooled_Library-2011-02-02_3	124.814	32.8%	97.72%	3.75%	61.89%	8965	51	50	26	26	-	-	24	24	-	-	-	100.000	100.000	100.000
2876046024	112298792	H_HY-04731	H_HY-04731-lib1,H_HY-04731-microarraylib	TTAGGC	Pooled_Library-2011-02-02_6	107.141	35.6%	97.65%	3.54%	59.33%	8988	52	50	18	18	-	-	32	32	-	-	-	100.000	100.000	100.000
2876046037	112229755	H_HY-04707	H_HY-04707-lib1,H_HY-04707-microarraylib	ATCACG	Pooled_Library-2011-02-02_2	87.278	13.2%	96.62%	2.59%	81.27%	8651	52	51	25	25	-	-	26	26	-	-	-	100.000	100.000	100.000
2876050142	112223054	H_HY-04739	H_HY-04739-lib1,H_HY-04739-microarraylib	TGACCA	Pooled_Library-2011-02-02_2	85.507	12.7%	97.44%	2.44%	82.61%	8519	51	50	21	21	-	-	29	29	-	-	-	100.000	100.000	100.000
2876050351	112203928	H_HY-04763	H_HY-04763-lib1,H_HY-04763-microarraylib	GCCAAT	Pooled_Library-2011-02-02_8	117.671	24.5%	97.22%	4.07%	69.29%	9001	52	51	22	22	-	-	29	29	-	-	-	100.000	100.000	100.000
2876050362	112223067	H_HY-04752	H_HY-04752-lib1,H_HY-04752-microarraylib	ACAGTG	Pooled_Library-2011-02-02_7	68.156	40.3%	97.15%	2.54%	55.46%	8288	52	48	23	23	-	-	25	25	-	-	-	100.000	100.000	100.000
2876050395	112225197	H_HY-04803	H_HY-04803-lib1,H_HY-04803-microarraylib	TAGCTT	Pooled_Library-2011-02-02_6	112.213	33.2%	98.00%	3.65%	61.85%	9046	52	51	22	22	-	-	29	28	-	1	-	96.552	100.000	98.039
2876050436	112325713	H_HY-04734	H_HY-04734-lib1,H_HY-04734-microarraylib	TGACCA	Pooled_Library-2011-02-02_1	97.852	33.6%	97.54%	3.42%	61.37%	8720	52	49	26	26	-	-	23	23	-	-	-	100.000	100.000	100.000
2876050449	112270920	H_HY-04814	H_HY-04814-lib1,H_HY-04814-microarraylib	GGCTAC	Pooled_Library-2011-02-02_8	116.905	25.9%	98.01%	3.59%	69.07%	9038	52	51	26	26	-	-	25	25	-	-	-	100.000	100.000	100.000
2876050463	112268623	H_HY-04767	H_HY-04767-lib1,H_HY-04767-microarraylib	CAGATC	Pooled_Library-2011-02-02_3	115.003	32.2%	97.53%	3.12%	62.96%	9038	52	52	20	20	-	-	32	32	-	-	-	100.000	100.000	100.000
2876050490	112224712	H_HY-04718	H_HY-04718-lib1,H_HY-04718-microarraylib	CGATGT	Pooled_Library-2011-02-02_2	88.406	13.3%	97.48%	2.28%	82.27%	8709	52	49	18	18	-	-	31	31	-	-	-	100.000	100.000	100.000
2876050521	112203948	H_HY-04761	H_HY-04761-lib1,H_HY-04761-microarraylib	GCCAAT	Pooled_Library-2011-02-02_7	94.446	41.4%	97.41%	2.84%	54.24%	8900	52	51	30	30	-	-	21	21	-	-	-	100.000	100.000	100.000
2876050528	112292454	H_HY-04727	H_HY-04727-lib1,H_HY-04727-lib2,H_HY-04727-microarraylib	TTAGGC	Pooled_Library-2011-02-02_2	103.222	13.6%	97.44%	2.46%	81.72%	8659	51	50	18	18	-	-	32	31	-	1	-	96.875	100.000	98.000
2876050549	112270932	H_HY-04813	H_HY-04813-lib1,H_HY-04813-microarraylib	GGCTAC	Pooled_Library-2011-02-02_7	83.873	41.0%	97.68%	2.33%	55.27%	8588	52	50	24	24	-	-	26	26	-	-	-	100.000	100.000	100.000
2876050552	112224094	H_HY-04809	H_HY-04809-lib1,H_HY-04809-microarraylib	GGCTAC	Pooled_Library-2011-02-02_4	111.175	28.4%	97.79%	2.76%	67.21%	8906	52	51	21	21	-	-	30	30	-	-	-	100.000	100.000	100.000
2876050560	112224743	H_HY-04759	H_HY-04759-lib1,H_HY-04759-microarraylib	GCCAAT	Pooled_Library-2011-02-02_5	118.618	21.0%	97.18%	3.48%	73.26%	9010	52	51	28	28	-	-	23	23	-	-	-	100.000	100.000	100.000
2876050569	112270944	H_HY-04815	H_HY-04815-lib1,H_HY-04815-lib2,H_HY-04815-microarraylib	CTTGTA	Pooled_Library-2011-02-02_1	136.944	32.5%	97.70%	3.78%	62.21%	9117	52	51	28	28	-	-	23	23	-	-	-	100.000	100.000	100.000
2876050578	112292495	H_HY-04810	H_HY-04810-lib1,H_HY-04810-microarraylib	GGCTAC	Pooled_Library-2011-02-02_5	159.014	22.1%	97.91%	4.40%	71.87%	9319	52	51	26	26	-	-	25	25	-	-	-	100.000	100.000	100.000
2876050615	112225617	H_HY-04730	H_HY-04730-lib1,H_HY-04730-microarraylib	TTAGGC	Pooled_Library-2011-02-02_5	151.875	22.2%	97.59%	3.78%	72.10%	9443	52	52	26	26	-	-	26	26	-	-	-	100.000	100.000	100.000
2876050632	112224163	H_HY-04741	H_HY-04741-lib1,H_HY-04741-lib2,H_HY-04741-microarraylib	TGACCA	Pooled_Library-2011-02-02_5	164.891	22.4%	97.63%	4.01%	71.77%	9443	52	52	21	21	-	-	31	31	-	-	-	100.000	100.000	100.000
2876050637	112229799	H_HY-04782	H_HY-04782-lib1,H_HY-04782-microarraylib	ACTTGA	Pooled_Library-2011-02-02_7	108.610	40.2%	97.66%	2.98%	55.39%	9096	52	51	20	20	-	-	31	31	-	-	-	100.000	100.000	100.000
2876050640	112224813	H_HY-04709	H_HY-04709-lib1,H_HY-04709-microarraylib	ATCACG	Pooled_Library-2011-02-02_4	108.769	27.2%	97.55%	2.81%	68.16%	8934	52	51	24	24	-	-	27	27	-	-	-	100.000	100.000	100.000
2876050647	112230354	H_HY-04776	H_HY-04776-lib1,H_HY-04776-microarraylib	ACTTGA	Pooled_Library-2011-02-02_3	124.083	32.7%	97.76%	2.99%	62.79%	8993	52	50	22	22	-	-	28	28	-	-	-	100.000	100.000	100.000
2876050650	112224839	H_HY-04757	H_HY-04757-lib1,H_HY-04757-microarraylib	GCCAAT	Pooled_Library-2011-02-02_2	98.804	13.4%	96.99%	2.28%	81.73%	8832	52	51	24	24	-	-	27	27	-	-	-	100.000	100.000	100.000
2876050709	112270961	H_HY-04766	H_HY-04766-lib1,H_HY-04766-microarraylib	CAGATC	Pooled_Library-2011-02-02_1	125.929	33.7%	97.46%	3.42%	61.20%	9089	52	51	17	17	-	-	34	34	-	-	-	100.000	100.000	100.000
2876050712	112224209	H_HY-04806	H_HY-04806-lib1,H_HY-04806-microarraylib	GGCTAC	Pooled_Library-2011-02-02_1	163.723	38.0%	97.77%	3.66%	56.98%	9407	52	52	25	25	-	-	27	27	-	-	-	100.000	100.000	100.000
2876050717	112230389	H_HY-04756	H_HY-04756-lib1,H_HY-04756-microarraylib	GCCAAT	Pooled_Library-2011-02-02_3	202.107	33.2%	97.33%	4.72%	60.33%	9501	52	51	27	27	-	-	24	24	-	-	-	100.000	100.000	100.000
2876050728	112292689	H_HY-04789	H_HY-04789-lib1,H_HY-04789-microarraylib	GATCAG	Pooled_Library-2011-02-02_4	158.856	26.5%	97.98%	3.72%	68.28%	9278	52	51	21	21	-	-	30	30	-	-	-	100.000	100.000	100.000
2876050735	112226149	H_HY-04745	H_HY-04745-lib1,H_HY-04745-microarraylib	ACAGTG	Pooled_Library-2011-02-02_1	80.160	33.0%	97.57%	1.90%	63.49%	8510	52	48	24	24	-	-	24	24	-	-	-	100.000	100.000	100.000
2876050748	112292702	H_HY-04811	H_HY-04811-lib1,H_HY-04811-microarraylib	GGCTAC	Pooled_Library-2011-02-02_6	153.978	34.3%	97.90%	3.48%	60.82%	9287	52	52	28	28	-	-	24	24	-	-	-	100.000	100.000	100.000
2876050751	112204756	H_HY-04787	H_HY-04787-lib1,H_HY-04787-microarraylib	GATCAG	Pooled_Library-2011-02-02_3	138.836	32.0%	98.06%	3.08%	63.64%	9228	52	51	21	21	-	-	30	30	-	-	-	100.000	100.000	100.000
2876050804	112299003	H_HY-04790	H_HY-04790-lib1,H_HY-04790-microarraylib	GATCAG	Pooled_Library-2011-02-02_5	176.870	20.0%	97.80%	4.26%	73.96%	9509	52	52	23	23	-	-	29	29	-	-	-	100.000	100.000	100.000
2876050807	112230411	H_HY-04769	H_HY-04769-lib1,H_HY-04769-microarraylib	CAGATC	Pooled_Library-2011-02-02_4	169.177	27.6%	97.70%	4.00%	66.75%	9459	52	51	23	23	-	-	28	28	-	-	-	100.000	100.000	100.000
2876050810	112224864	H_HY-04722	H_HY-04722-lib1,H_HY-04722-microarraylib	CGATGT	Pooled_Library-2011-02-02_6	123.913	34.3%	97.81%	2.80%	61.43%	9315	52	52	27	27	-	-	25	25	-	-	-	100.000	100.000	100.000
2876050813	112268926	H_HY-04770	H_HY-04770-lib1,H_HY-04770-microarraylib	CAGATC	Pooled_Library-2011-02-02_5	144.739	21.2%	97.22%	3.55%	73.09%	9354	52	51	25	25	-	-	26	26	-	-	-	100.000	100.000	100.000
2876050822	112224870	H_HY-04716	H_HY-04716-lib1,H_HY-04716-microarraylib	CGATGT	Pooled_Library-2011-02-02_1	112.145	33.3%	97.82%	2.80%	62.41%	8868	52	50	18	18	-	-	32	32	-	-	-	100.000	100.000	100.000
2876050825	112226184	H_HY-04725	H_HY-04725-lib1,H_HY-04725-microarraylib	TTAGGC	Pooled_Library-2011-02-02_1	114.731	35.8%	97.45%	3.13%	59.43%	8570	50	49	21	21	-	-	28	27	-	1	-	96.429	100.000	97.959
2876050828	112292739	H_HY-04712	H_HY-04712-lib1,H_HY-04712-microarraylib	ATCACG	Pooled_Library-2011-02-02_6	106.712	33.7%	97.62%	2.37%	62.39%	9028	52	51	20	20	-	-	31	31	-	-	-	100.000	100.000	100.000
2876050835	112226205	H_HY-04798	H_HY-04798-lib1,H_HY-04798-microarraylib	TAGCTT	Pooled_Library-2011-02-02_1	157.082	34.4%	97.91%	3.69%	60.57%	9106	52	51	25	25	-	-	26	26	-	-	-	100.000	100.000	100.000
2876050878	112293647	H_HY-04781	H_HY-04781-lib1,H_HY-04781-microarraylib	ACTTGA	Pooled_Library-2011-02-02_6	134.262	34.5%	97.95%	3.13%	61.06%	9243	52	52	19	19	-	-	33	33	-	-	-	100.000	100.000	100.000
2876053985	112226223	H_HY-04721	H_HY-04721-lib1,H_HY-04721-lib2,H_HY-04721-microarraylib	CGATGT	Pooled_Library-2011-02-02_5	132.586	21.3%	97.32%	3.22%	73.41%	9223	52	52	20	20	-	-	32	32	-	-	-	100.000	100.000	100.000
2876061903	112268937	H_HY-04822	H_HY-04822-lib1,H_HY-04822-microarraylib	CTTGTA	Pooled_Library-2011-02-02_7	88.725	39.6%	97.94%	2.67%	56.48%	8762	52	51	24	24	-	-	27	27	-	-	-	100.000	100.000	100.000
2876062106	112330118	H_HY-04819	H_HY-04819-lib1,H_HY-04819-microarraylib	CTTGTA	Pooled_Library-2011-02-02_5	188.241	20.3%	97.85%	4.15%	73.87%	9534	52	52	21	21	-	-	31	31	-	-	-	100.000	100.000	100.000
2876062113	112268950	H_HY-04778	H_HY-04778-lib1,H_HY-04778-microarraylib	ACTTGA	Pooled_Library-2011-02-02_4	161.342	28.0%	97.78%	3.72%	66.72%	9217	51	50	21	21	-	-	29	29	-	-	-	100.000	100.000	100.000
2876062332	112224920	H_HY-04804	H_HY-04804-lib1,H_HY-04804-microarraylib	TAGCTT	Pooled_Library-2011-02-02_7	114.616	40.2%	97.53%	2.57%	55.78%	9178	52	51	27	27	-	-	24	24	-	-	-	100.000	100.000	100.000
2876062339	112270978	H_HY-04792	H_HY-04792-lib1,H_HY-04792-microarraylib	GATCAG	Pooled_Library-2011-02-02_6	190.019	32.2%	97.81%	3.66%	62.65%	9593	52	52	23	23	-	-	29	29	-	-	-	100.000	100.000	100.000
2876062342	112224944	H_HY-04775	H_HY-04775-lib1,H_HY-04775-microarraylib	ACTTGA	Pooled_Library-2011-02-02_1	151.583	34.8%	97.73%	3.27%	60.41%	9234	52	51	24	24	-	-	27	27	-	-	-	100.000	100.000	100.000
2876062345	112226267	H_HY-04771	H_HY-04771-lib1,H_HY-04771-lib2,H_HY-04771-microarraylib	CAGATC	Pooled_Library-2011-02-02_6	127.109	33.6%	97.92%	2.70%	62.35%	9019	52	51	27	27	-	-	24	24	-	-	-	100.000	100.000	100.000
2876062348	112293740	H_HY-04717	H_HY-04717-lib1,H_HY-04717-microarraylib	CGATGT	Pooled_Library-2011-02-02_3	141.992	33.8%	97.12%	2.96%	61.30%	9119	52	51	27	27	-	-	24	24	-	-	-	100.000	100.000	100.000
2876067886	112330168	H_HY-04802	H_HY-04802-lib1,H_HY-04802-microarraylib	TAGCTT	Pooled_Library-2011-02-02_5	165.414	21.6%	98.01%	3.96%	72.92%	9397	52	51	28	28	-	-	23	23	-	-	-	100.000	100.000	100.000
2876067891	112204775	H_HY-04779	H_HY-04779-lib1,H_HY-04779-microarraylib	ACTTGA	Pooled_Library-2011-02-02_5	192.002	21.5%	97.49%	3.92%	72.64%	9501	52	51	26	26	-	-	25	25	-	-	-	100.000	100.000	100.000
2876067894	112299014	H_HY-04795	H_HY-04795-lib1,H_HY-04795-microarraylib	GATCAG	Pooled_Library-2011-02-02_7	112.492	38.7%	97.28%	2.19%	57.42%	8656	50	49	23	23	-	-	26	26	-	-	-	100.000	100.000	100.000
2876067897	112230928	H_HY-04760	H_HY-04760-lib1,H_HY-04760-lib2,H_HY-04760-microarraylib	GCCAAT	Pooled_Library-2011-02-02_6	137.375	35.4%	97.59%	3.18%	59.91%	9235	52	51	22	22	-	-	29	29	-	-	-	100.000	100.000	100.000
2876068152	112224969	H_HY-04758	H_HY-04758-lib1,H_HY-04758-microarraylib	GCCAAT	Pooled_Library-2011-02-02_4	192.021	28.5%	97.71%	3.60%	66.26%	9519	52	51	26	26	-	-	25	25	-	-	-	100.000	100.000	100.000
2876068155	112226299	H_HY-04750	H_HY-04750-lib1,H_HY-04750-microarraylib	ACAGTG	Pooled_Library-2011-02-02_5	193.752	21.2%	97.86%	3.99%	73.15%	9434	52	51	22	22	-	-	29	29	-	-	-	100.000	100.000	100.000
2876068158	112293762	H_HY-04749	H_HY-04749-lib1,H_HY-04749-microarraylib	ACAGTG	Pooled_Library-2011-02-02_4	183.236	27.6%	97.95%	3.53%	67.41%	9482	52	52	28	28	-	-	24	24	-	-	-	100.000	100.000	100.000
2876068163	112268960	H_HY-04742	H_HY-04742-lib1,H_HY-04742-microarraylib	TGACCA	Pooled_Library-2011-02-02_6	165.672	34.9%	97.77%	3.04%	60.57%	9361	52	51	22	22	-	-	29	28	-	1	-	96.552	100.000	98.039
2876068166	112330736	H_HY-04816	H_HY-04816-lib1,H_HY-04816-microarraylib	CTTGTA	Pooled_Library-2011-02-02_3	183.835	32.1%	97.36%	3.28%	62.87%	9450	52	51	30	30	-	-	21	21	-	-	-	100.000	100.000	100.000
2876068169	112271690	H_HY-04732	H_HY-04732-lib1,H_HY-04732-microarraylib	TTAGGC	Pooled_Library-2011-02-02_7	129.682	42.3%	97.38%	2.36%	53.79%	9113	52	51	25	25	-	-	26	26	-	-	-	100.000	100.000	100.000
2876068172	112225001	H_HY-04772	H_HY-04772-lib1,H_HY-04772-microarraylib	CAGATC	Pooled_Library-2011-02-02_7	82.799	40.9%	95.61%	1.56%	54.94%	8725	52	50	26	26	-	-	24	23	-	1	-	95.833	100.000	98.000
2876068259	112271716	H_HY-04755	H_HY-04755-lib1,H_HY-04755-microarraylib	GCCAAT	Pooled_Library-2011-02-02_1	172.307	36.1%	97.63%	3.08%	59.36%	9374	52	51	23	23	-	-	28	28	-	-	-	100.000	100.000	100.000
2876068436	112330899	H_HY-04747	H_HY-04747-lib1,H_HY-04747-microarraylib	ACAGTG	Pooled_Library-2011-02-02_3	136.468	33.9%	97.53%	1.96%	62.51%	9073	52	51	28	28	-	-	23	23	-	-	-	100.000	100.000	100.000
2876068563	112269256	H_HY-04723	H_HY-04723-lib1,H_HY-04723-microarraylib	CGATGT	Pooled_Library-2011-02-02_7	182.413	41.2%	97.58%	2.55%	54.78%	8892	49	48	27	27	-	-	21	20	1	-	-	95.238	92.308	97.917
2876068710	113422324	H_HY-04733	H_HY-04733-lib1,H_HY-04733-microarraylib	TTAGGC	Pooled_Library-2011-02-02_8	259.480	-	97.45%	3.45%	67.69%	9679	52	52	31	31	-	-	21	21	-	-	-	100.000	100.000	100.000
2876069002	112225479	H_HY-04777	H_HY-04777-lib1,H_HY-04777-lib2,H_HY-04777-microarraylib	ACTTGA	Pooled_Library-2011-02-02_2	135.350	14.4%	97.30%	1.23%	82.03%	9077	52	51	23	23	-	-	28	28	-	-	-	100.000	100.000	100.000
2876069428	112297063	H_HY-04744	H_HY-04744-lib1,H_HY-04744-microarraylib	TGACCA	Pooled_Library-2011-02-02_8	335.305	24.6%	97.56%	3.24%	70.31%	9875	52	52	26	26	-	-	26	26	-	-	-	100.000	100.000	100.000
2876070451	112210227	H_HY-04713	H_HY-04713-lib1,H_HY-04713-microarraylib	ATCACG	Pooled_Library-2011-02-02_7	16.953	43.1%	97.23%	0.63%	54.65%	5189	47	25	14	14	-	-	11	11	-	-	-	100.000	100.000	100.000
