Index	C-Depth	%Dup	%Mapped	%On-target	%Off-target	SNPsCalled	WithGenotype	MetMinDepth	Reference	Ref_match	Ref_was_het	Ref_was_hom	Variant	Var_match	Hom_was_het	Het_was_hom	Var_mismatch	VarConcordance	RareHomConcordance	OverallConcordance
CGATGT	131.12	28.41%	97.61%	2.99%	66.89%	9056.88	51.62	50.50	22.88	22.88	0.00	0.00	27.62	27.50	0.12	0.00	0.00	99.40	99.04	99.74
TAGCTT	117.86	28.24%	97.87%	3.34%	66.89%	8851.88	51.62	49.62	23.88	23.88	0.00	0.00	25.75	25.38	0.00	0.38	0.00	98.50	100.00	99.22
GGCTAC	119.08	25.40%	97.77%	3.16%	65.89%	8913.75	52.00	50.62	25.62	25.62	0.00	0.00	25.00	25.00	0.00	0.00	0.00	100.00	100.00	100.00
GCCAAT	141.67	29.18%	97.38%	3.41%	65.55%	9171.50	52.00	51.00	25.25	25.25	0.00	0.00	25.75	25.75	0.00	0.00	0.00	100.00	100.00	100.00
TGACCA	144.16	28.81%	97.60%	3.25%	66.25%	9071.62	51.62	50.75	22.75	22.75	0.00	0.00	28.00	27.88	0.00	0.12	0.00	99.57	100.00	99.75
CAGATC	116.33	28.20%	97.31%	3.03%	66.87%	8957.50	52.00	50.12	22.75	22.75	0.00	0.00	27.38	27.25	0.00	0.12	0.00	99.48	100.00	99.75
TTAGGC	134.71	26.58%	97.57%	3.11%	65.23%	9013.62	51.62	50.38	24.00	24.00	0.00	0.00	26.38	26.12	0.00	0.25	0.00	99.16	100.00	99.49
ACTTGA	141.79	28.79%	97.68%	2.99%	66.56%	9188.38	51.88	50.88	22.00	22.00	0.00	0.00	28.88	28.88	0.00	0.00	0.00	100.00	100.00	100.00
ACAGTG	103.98	27.97%	95.97%	2.73%	66.31%	7762.12	45.50	43.88	22.25	22.25	0.00	0.00	21.62	21.62	0.00	0.00	0.00	87.50	87.50	87.50
CTTGTA	119.32	27.13%	97.76%	3.77%	67.46%	8922.75	51.88	50.12	24.25	24.25	0.00	0.00	25.88	25.88	0.00	0.00	0.00	100.00	100.00	100.00
ATCACG	92.97	27.96%	97.40%	2.69%	67.47%	8280.25	51.12	46.75	23.25	23.25	0.00	0.00	23.50	23.50	0.00	0.00	0.00	100.00	100.00	100.00
GATCAG	136.11	26.70%	97.77%	3.50%	68.16%	9049.50	51.62	50.62	22.62	22.62	0.00	0.00	28.00	28.00	0.00	0.00	0.00	100.00	100.00	100.00
